use laboratory;

insert into result_types (`type`) values 
	('качественный'),
	('количественный'),
	('качественный, количественный'),
	('полуколичественный')
;

insert into cities (name, laboratory) values 
	('Москва', 1),
	('Тверь', 0),
	('Коломна', 0)
;

insert into analyzers (short_name, name, citi) values 
	('XE-5000', 'Sysmex XE-5000', 'Москва'),
	('UF-1000i', 'Sysmex UF-1000i', 'Москва'),
	('ROLLER 20 PN', 'Alifax ROLLER 20 PN', 'Москва'),
	('AU480', 'Beckman Coulter AU480', 'Москва'),
	('CA-620', 'Sysmex CA-620', 'Москва')
;

insert into outsourcers (short_name, name) values 
	('Хромолаб', 'ХромСистемсЛаб'),
	('Евротест', 'Евротест')
;

insert into tests (test_key, test_code, name, decimal_place) values
	('SOE', '1.1.B1', 'СОЭ', 0),
	('WBC', '1.0.B13.202', 'Лейкоциты', 2),
	('RBC', '1.0.B1.202', 'Эритроциты', 0),
	('HGB', '1.0.B2.202', 'Гемоглобин', 2),
	('HCT', '1.0.B3.202', 'Гематокрит', 1),
	('MCV', '1.0.B4.202', 'Средний объем эритроцитов (MCV)', 1),
	('MCH', '1.0.B5.202', 'Среднее содержание гемоглобина в эритроците (МСН)', 1),
	('MCHC', '1.0.B6.202', 'Средняя концентрация Hb в эритроцитах (МСНС)', 1),
	('PLT', '1.0.B9.202', 'Тромбоциты', 0),
	('RDW-SD', '1.0.B7.202', 'Отн.ширина распред.эритр.по объему (ст.отклонение)', 1),
	('RDW-CV', '1.0.B8.202', 'Отн.ширина распред.эритр.по объему(коэфф.вариации)', 1),
	('MPV', '1.0.B10.202', 'Средний объем тромбоцитов (MPV)', 0),
	('PCT', '1.0.B11.202', 'Тромбокрит (PCT)', 0),
	('PDW', '1.0.B12.202', 'Относит.ширина распред.тромбоцитов по объему (PDW)', 0),
	('US-Bili', '6.1.B7.401', 'Билирубин', 0),
	('US-Col P', 'US-Col P', 'Цвет', 0),
	('US-Proz P', 'US-Proz P', 'Прозрачность', 0),
	('US-Dens P', 'US-Dens P', 'Относительная плотность', 3),
	('US-pH P', 'US-pH P', 'pH', 0),
	('US-Protein P', 'US-Protein P', 'Белок', 0),
	('ALAT', '4.1.A1.201', 'АЛТ (аланинаминотрансфераза)', 1),
	('ASAT', '4.1.A2.201', 'АСТ (аспартатаминотрансфераза)', 1),
	('BILI-TOT', '4.6.A1.201', 'Билирубин общий', 1),
	('PROT', '4.2.A2.201', 'Общий белок', 0),
	('GLUC', '4.4.A1.205', 'Глюкоза', 0),
	('FIBRYNOGEN', '3.0.A1.203', 'Фибриноген', 0),
	('INR', '3.0.B1.203', 'Международное нормализованное отношение (МНО)', 2),
	('PTT %', '3.0.B3.203', 'Протрoмбин % (по Квику)', 0),
	('PTT', '3.0.B2.203', 'Протромбиновое время', 0),
	('TrombTime', '3.0.A2.203', 'Тромбиновое время', 0),
	('APTT', '3.0.A3.203', 'АЧТВ', 1),
	('VIT A', '4.9.A1.201', 'Витамин А (ретинол)', 3),
	('VIT B1', '4.9.A2.202', 'Витамин В1 (тиамин)', 3),
	('VIT B5', '4.9.A3.202', 'Витамин B5 (пантотеновая кислота)', 3),
	('VIT D', '4.9.A8.201', '25-OH витамин D, суммарный (кальциферол)', 2),
	('SerotE-test', '7.7.A10', 'Серотонин', 2)
;

insert into `references` (test_keycode, age_from, age_to, value_from, value_to) values
	('SOE', 0, 50, 0, 15),
	('SOE', 50, 99, 0, 30),
	('WBC', 0, 2, 8.04, 15.40),
	('WBC', 2, 18, 5.14, 13.38),
	('WBC', 18, 30, 6.48, 17.31),
	('RBC', 0, 20, 5, 16),
	('RBC', 20, 99, 8, 20),
	('HGB', 0, 99, 0, 20),
	('HCT', 0, 99, 0, 20),
	('MCV', 0, 99, 0, 20),
	('MCH', 0, 99, 0, 20),
	('MCHC', 0, 99, 0, 20),
	('PLT', 0, 99, 0, 20),
	('RDW-SD', 0, 99, 0, 20),
	('RDW-CV', 0, 99, 0, 20),
	('MPV', 0, 99, 0, 20),
	('PCT', 0, 99, 0, 20),
	('PDW', 0, 99, 0, 20),
	('US-Bili', 0, 99, 0, 20),
	('US-Dens P', 0, 99, 0, 20),
	('US-pH P', 0, 99, 0, 20),
	('US-Protein P', 0, 99, 0, 20),
	('ALAT', 0, 99, 0, 20),
	('ASAT', 0, 99, 0, 20),
	('BILI-TOT', 0, 99, 0, 20),
	('PROT', 0, 99, 0, 20),
	('GLUC', 0, 99, 0, 20),
	('FIBRYNOGEN', 0, 99, 0, 20),
	('INR', 0, 99, 0, 20),
	('PTT %', 0, 99, 0, 20),
	('PTT', 0, 99, 0, 20),
	('TrombTime', 0, 99, 0, 20),
	('APTT', 0, 99, 0, 20),
	('VIT A', 0, 99, 0, 20),
	('VIT B1', 0, 99, 0, 20),
	('VIT B5', 0, 99, 0, 20),
	('VIT D', 0, 99, 0, 20),
	('SerotE-test', 0, 99, 0, 20)
;

insert into tests_on_analyzer (test_key, analyzer) values
	('SOE', 'ROLLER 20 PN'),
	('WBC', 'XE-5000'),
	('RBC', 'XE-5000'),
	('HGB', 'XE-5000'),
	('HCT', 'XE-5000'),
	('MCV', 'XE-5000'),
	('MCH', 'XE-5000'),
	('MCHC', 'XE-5000'),
	('PLT', 'XE-5000'),
	('RDW-SD', 'XE-5000'),
	('RDW-CV', 'XE-5000'),
	('MPV', 'XE-5000'),
	('PCT', 'XE-5000'),
	('PDW', 'XE-5000'),
	('US-Bili', 'UF-1000i'),
	('US-Col P', 'UF-1000i'),
	('US-Proz P', 'UF-1000i'),
	('US-Dens P', 'UF-1000i'),
	('US-pH P', 'UF-1000i'),
	('US-Protein P', 'UF-1000i'),
	('ALAT', 'AU480'),
	('ASAT', 'AU480'),
	('BILI-TOT', 'AU480'),
	('PROT', 'AU480'),
	('GLUC', 'AU480'),
	('FIBRYNOGEN', 'CA-620'),
	('INR', 'CA-620'),
	('PTT %', 'CA-620'),
	('PTT', 'CA-620'),
	('TrombTime', 'CA-620'),
	('APTT', 'CA-620')
;

insert into test_set (keycode, code, name) values
	('SOE', '1.0.A1.202', 'СОЭ'),
	('HAEMAT short', '1.0.D1.202', 'Клинический анализ крови без лейкоцитарной формулы'),
	('Urinstatus', '6.1.D1.401', 'Общий анализ мочи'),
	('Urinstatus2', '6.1.D1.401', 'Общий анализ мочи (Тверь)'),
	('ALAT', '4.1.A1.201', 'АЛТ (аланинаминотрансфераза)'),
	('ASAT', '4.1.A2.201', 'АСТ (аспартатаминотрансфераза)'),
	('BILI-TOT', '4.6.A1.201', 'Билирубин общий'),
	('PROT', '4.2.A2.201', 'Общий белок'),
	('GLUC', '4.4.A1.205', 'Глюкоза'),
	('FIBRYNOGEN', '3.0.A1.203', 'Фибриноген'),
	('INR+PTT', '3.0.D1.203', 'Протромбин (время, по Квику, МНО)'),
	('TrombTime', '3.0.A2.203', 'Тромбиновое время'),
	('APTT', '3.0.A3.203', 'АЧТВ'),
	('VIT A', '4.9.A1.201', 'Витамин А (ретинол)'),
	('VIT B1', '4.9.A2.202', 'Витамин В1 (тиамин)'),
	('VIT B5', '4.9.A3.202', 'Витамин B5 (пантотеновая кислота)'),
	('VIT D', '4.9.A8.201', '25-OH витамин D, суммарный (кальциферол)'),
	('SerotE-test', '7.7.A10', 'Серотонин')
;

insert into tests_in_sets (test_set_keycode, test_key) values
	('SOE', 'SOE'),
	('HAEMAT short', 'WBC'),
	('HAEMAT short', 'RBC'),
	('HAEMAT short', 'HGB'),
	('HAEMAT short', 'HCT'),
	('HAEMAT short', 'MCV'),
	('HAEMAT short', 'MCH'),
	('HAEMAT short', 'MCHC'),
	('HAEMAT short', 'PLT'),
	('HAEMAT short', 'RDW-SD'),
	('HAEMAT short', 'RDW-CV'),
	('HAEMAT short', 'MPV'),
	('HAEMAT short', 'PCT'),
	('HAEMAT short', 'PDW'),
	('Urinstatus', 'US-Bili'),
	('Urinstatus', 'US-Col P'),
	('Urinstatus', 'US-Proz P'),
	('Urinstatus', 'US-Dens P'),
	('Urinstatus', 'US-pH P'),
	('Urinstatus', 'US-Protein P'),
	('Urinstatus2', 'US-Bili'),
	('Urinstatus2', 'US-Proz P'),
	('Urinstatus2', 'US-Dens P'),
	('Urinstatus2', 'US-pH P'),
	('Urinstatus2', 'US-Protein P'),
	('ALAT', 'ALAT'),
	('ASAT', 'ASAT'),
	('BILI-TOT', 'BILI-TOT'),
	('PROT', 'PROT'),
	('GLUC', 'GLUC'),
	('FIBRYNOGEN', 'FIBRYNOGEN'),
	('INR+PTT', 'INR'),
	('INR+PTT', 'PTT %'),
	('INR+PTT', 'PTT'),
	('TrombTime', 'TrombTime'),
	('APTT', 'APTT'),
	('VIT A', 'VIT A'),
	('VIT B1', 'VIT B1'),
	('VIT B5', 'VIT B5'),
	('VIT D', 'VIT D'),
	('SerotE-test', 'SerotE-test')
;

insert into outsourcing (test_set_keycode, outsourcer_name, citi) values
	('VIT A', 'Хромолаб', 'Москва'),
	('VIT B1', 'Хромолаб', 'Москва'),
	('VIT B5', 'Хромолаб', 'Москва'),
	('VIT D', 'Хромолаб', 'Москва'),
	('SerotE-test', 'Евротест', 'Москва')
;

insert into container (keycode, name, material) values
	('ПСК2', 'Пробирка с сиреневой крышкой, 2мл', 'кровь с EDTA'),
	('СК', 'Стерильный контейнер для мочи', 'моча'),
	('ПЖК', 'Пробирка с желтой крышкой', 'сыворотка'),
	('VIT D', 'Хромолаб', 'Москва'),
	('ПГК', 'Пробирка с голубой крышкой', 'Кровь с цитратом'),
	('ПСЕРК', 'Пробирка с серой крышкой', 'Кровь с фторидом натрия')
;

insert into sold_service (short_name, code, full_name, due_date, container, result_type) values
	('SOE', '1.0.A1.202', 'СОЭ', 1, 'ПСК2', 'количественный'),
	('HAEMAT short', '1.0.D1.202', 'Клинический анализ крови без лейкоцитарной формулы', 1, 'ПСК2', 'качественный, количественный'),
	('Urinstatus', '6.1.D1.401', 'Общий анализ мочи', 1, 'СК', 'качественный, количественный'),
	('ALAT', '4.1.A1.201', 'АЛТ (аланинаминотрансфераза)', 1, 'ПЖК', 'количественный'),
	('ASAT', '4.1.A2.201', 'АСТ (аспартатаминотрансфераза)', 1, 'ПЖК', 'количественный'),
	('BILI-TOT', '4.6.A1.201', 'Билирубин общий', 1, 'ПЖК', 'количественный'),
	('PROT', '4.2.A2.201', 'Общий белок', 1, 'ПЖК', 'количественный'),
	('GLUC', '4.4.A1.205', 'Глюкоза', 1, 'ПСЕРК', 'количественный'),
	('FIBRYNOGEN', '3.0.A1.203', 'Фибриноген', 1, 'ПГК', 'количественный'),
	('INR+PTT', '3.0.D1.203', 'Протромбин (время, по Квику, МНО)', 1, 'ПГК', 'количественный'),
	('TrombTime', '3.0.A2.203', 'Тромбиновое время', 1, 'ПГК', 'количественный'),
	('APTT', '3.0.A3.203', 'АЧТВ', 1, 'ПГК', 'количественный'),
	('VIT A', '4.9.A1.201', 'Витамин А (ретинол)', 2, 'ПЖК', 'количественный'),
	('VIT B1', '4.9.A2.202', 'Витамин В1 (тиамин)', 2, 'ПЖК', 'количественный'),
	('VIT B5', '4.9.A3.202', 'Витамин B5 (пантотеновая кислота)', 2, 'ПЖК', 'количественный'),
	('VIT D', '4.9.A8.201', '25-OH витамин D, суммарный (кальциферол)', 2, 'ПЖК', 'количественный'),
	('SerotE-test', '7.7.A10', 'Серотонин', 2, 'ПЖК', 'количественный')
;

insert into service_and_test_set (test_set_keycode, sold_service_code, citi) values
	('SOE', '1.0.A1.202', 'Москва'),
	('SOE', '1.0.A1.202', 'Тверь'),
	('SOE', '1.0.A1.202', 'Коломна'),
	('HAEMAT short', '1.0.D1.202', 'Москва'),
	('HAEMAT short', '1.0.D1.202', 'Тверь'),
	('HAEMAT short', '1.0.D1.202', 'Коломна'),
	('Urinstatus', '6.1.D1.401', 'Москва'),
	('Urinstatus', '6.1.D1.401', 'Коломна'),
	('Urinstatus2', '6.1.D1.401', 'Тверь'),
	('ALAT', '4.1.A1.201', 'Москва'),
	('ALAT', '4.1.A1.201', 'Тверь'),
	('ALAT', '4.1.A1.201', 'Коломна'),
	('ASAT', '4.1.A2.201', 'Москва'),
	('ASAT', '4.1.A2.201', 'Тверь'),
	('ASAT', '4.1.A2.201', 'Коломна'),
	('BILI-TOT', '4.6.A1.201', 'Москва'),
	('BILI-TOT', '4.6.A1.201', 'Тверь'),
	('BILI-TOT', '4.6.A1.201', 'Коломна'),
	('PROT', '4.2.A2.201', 'Москва'),
	('PROT', '4.2.A2.201', 'Тверь'),
	('PROT', '4.2.A2.201', 'Коломна'),
	('GLUC', '4.4.A1.205', 'Москва'),
	('GLUC', '4.4.A1.205', 'Тверь'),
	('GLUC', '4.4.A1.205', 'Коломна'),
	('FIBRYNOGEN', '3.0.A1.203', 'Москва'),
	('INR+PTT', '3.0.D1.203', 'Москва'),
	('TrombTime', '3.0.A2.203', 'Москва'),
	('APTT', '3.0.A3.203', 'Москва'),
	('VIT A', '4.9.A1.201', 'Москва'),
	('VIT A', '4.9.A1.201', 'Тверь'),
	('VIT A', '4.9.A1.201', 'Коломна'),
	('VIT B1', '4.9.A2.202', 'Москва'),
	('VIT B1', '4.9.A2.202', 'Тверь'),
	('VIT B1', '4.9.A2.202', 'Коломна'),
	('VIT B5', '4.9.A3.202', 'Москва'),
	('VIT B5', '4.9.A3.202', 'Тверь'),
	('VIT B5', '4.9.A3.202', 'Коломна'),
	('VIT D', '4.9.A8.201', 'Москва'),
	('VIT D', '4.9.A8.201', 'Тверь'),
	('VIT D', '4.9.A8.201', 'Коломна'),
	('SerotE-test', '7.7.A10', 'Москва')
;

insert into clients (code, name, client_balance, citi) values
	('1111', 'Московская клиника', 150000, 'Москва'),
	('2222', 'Тверская клиника', 100000, 'Тверь'),
	('3333', 'Коломенская клиника', 80000, 'Коломна')
;

insert into price (client_code, service_code, cost) values
	('1111', '1.0.A1.202', 40),
	('1111', '1.0.D1.202', 120),
	('1111', '6.1.D1.401', 90),
	('1111', '4.1.A1.201', 80),
	('1111', '4.1.A2.201', 80),
	('1111', '4.6.A1.201', 80),
	('1111', '4.2.A2.201', 80),
	('1111', '4.4.A1.205', 80),
	('1111', '3.0.A1.203', 100),
	('1111', '3.0.D1.203', 250),
	('1111', '3.0.A2.203', 100),
	('1111', '3.0.A3.203', 100),
	('1111', '4.9.A1.201', 180),
	('1111', '4.9.A2.202', 180),
	('1111', '4.9.A3.202', 180),
	('1111', '4.9.A8.201', 160),
	('1111', '7.7.A10', 300),
	('2222', '1.0.A1.202', 50),
	('2222', '1.0.D1.202', 130),
	('2222', '6.1.D1.401', 90),
	('2222', '4.1.A1.201', 90),
	('2222', '4.1.A2.201', 90),
	('2222', '4.6.A1.201', 90),
	('2222', '4.2.A2.201', 90),
	('2222', '4.4.A1.205', 90),
	('2222', '4.9.A1.201', 190),
	('2222', '4.9.A2.202', 190),
	('2222', '4.9.A3.202', 190),
	('2222', '4.9.A8.201', 170),
	('3333', '1.0.A1.202', 50),
	('3333', '1.0.D1.202', 130),
	('3333', '6.1.D1.401', 90),
	('3333', '4.1.A1.201', 90),
	('3333', '4.1.A2.201', 90),
	('3333', '4.6.A1.201', 90),
	('3333', '4.2.A2.201', 90),
	('3333', '4.4.A1.205', 90),
	('3333', '4.9.A1.201', 190),
	('3333', '4.9.A2.202', 190),
	('3333', '4.9.A3.202', 190),
	('3333', '4.9.A8.201', 170)
;

insert into orders (client_code) values
	('1111'),
	('1111'),
	('1111'),
	('1111'),
	('1111'),
	('1111'),
	('1111'),
	('1111'),
	('1111'),
	('1111'),
	('1111'),
	('1111'),
	('1111'),
	('2222'),
	('2222'),
	('2222'),
	('2222'),
	('2222'),
	('2222'),
	('3333'),
	('3333'),
	('3333'),
	('3333')
;

insert into order_composition (order_id, client_code, order_service) values
	(1, '1111', '1.0.A1.202'),
	(1, '1111', '1.0.D1.202'),
	(1, '1111', '6.1.D1.401'),
	(2, '1111', '1.0.D1.202'),
	(2, '1111', '4.1.A1.201'),
	(2, '1111', '4.1.A2.201'),
	(2, '1111', '4.4.A1.205'),
	(3, '1111', '3.0.A1.203'),
	(3, '1111', '3.0.D1.203'),
	(3, '1111', '3.0.A2.203'),
	(3, '1111', '3.0.A3.203'),
	(4, '1111', '4.9.A1.201'),
	(4, '1111', '4.9.A2.202'),
	(4, '1111', '4.9.A3.202'),
	(4, '1111', '4.9.A8.201'),
	(5, '1111', '7.7.A10'),
	(6, '1111', '4.1.A1.201'),
	(6, '1111', '4.1.A2.201'),
	(6, '1111', '4.6.A1.201'),
	(6, '1111', '4.2.A2.201'),
	(7, '1111', '4.4.A1.205'),
	(8, '1111', '1.0.A1.202'),
	(8, '1111', '1.0.D1.202'),
	(8, '1111', '4.9.A8.201'),
	(9, '1111', '4.1.A1.201'),
	(9, '1111', '4.1.A2.201'),
	(9, '1111', '4.6.A1.201'),
	(9, '1111', '4.2.A2.201'),
	(10, '1111', '3.0.A1.203'),
	(10, '1111', '3.0.D1.203'),
	(10, '1111', '3.0.A2.203'),
	(10, '1111', '3.0.A3.203'),
	(11, '1111', '4.9.A1.201'),
	(11, '1111', '4.9.A2.202'),
	(11, '1111', '4.9.A3.202'),
	(11, '1111', '4.9.A8.201'),
	(12, '1111', '7.7.A10'),
	(13, '1111', '1.0.A1.202'),
	(13, '1111', '1.0.D1.202'),
	(13, '1111', '3.0.A2.203'),
	(13, '1111', '3.0.A3.203'),
	(14, '2222', '6.1.D1.401'),
	(14, '2222', '1.0.A1.202'),
	(14, '2222', '1.0.D1.202'),
	(15, '2222', '4.9.A1.201'),
	(15, '2222', '4.9.A2.202'),
	(15, '2222', '4.9.A3.202'),
	(15, '2222', '4.9.A8.201'),
	(16, '2222', '4.1.A1.201'),
	(16, '2222', '4.1.A2.201'),
	(16, '2222', '4.6.A1.201'),
	(16, '2222', '4.2.A2.201'),
	(17, '2222', '1.0.A1.202'),
	(17, '2222', '1.0.D1.202'),
	(17, '2222', '4.4.A1.205'),
	(18, '2222', '4.1.A1.201'),
	(18, '2222', '4.1.A2.201'),
	(18, '2222', '4.9.A2.202'),
	(18, '2222', '4.9.A3.202'),
	(19, '2222', '6.1.D1.401'),
	(19, '2222', '4.9.A1.201'),
	(20, '3333', '1.0.A1.202'),
	(20, '3333', '1.0.D1.202'),
	(20, '3333', '6.1.D1.401'),
	(21, '3333', '4.1.A1.201'),
	(21, '3333', '4.1.A2.201'),
	(21, '3333', '4.2.A2.201'),
	(21, '3333', '4.4.A1.205'),
	(22, '3333', '1.0.A1.202'),
	(22, '3333', '1.0.D1.202'),
	(22, '3333', '4.9.A8.201'),
	(23, '3333', '4.9.A1.201'),
	(23, '3333', '4.9.A2.202'),
	(23, '3333', '4.9.A3.202'),
	(23, '3333', '4.9.A8.201')
;





